Designator,Footprint,Quantity,Value,LCSC Part #
ANT1,Twisted-NFC-Antenna,1,13.56MHz Chamfered 8T,
"C1, C2",C0402,2,0402CG101J500NT,C1546
"C10, C11",C0402,2,0402B151K500NT,C1527
"C12, C14",C0402,2,CL05A225MQ5NSNC,C12530
"C13, C15, C4",C0402,3,CL05B104KO5NNNC,C1525
"C16, C17",C0603,2,CL10A225KO8NNNC,C23630
"C3, C5",C0402,2,CL05B103KB5NNNC,C15195
"C6, C7",C0402,2,0402CG220J500NT,C1555
"C8, C9",C0402,2,0402CG300J500NT,C1570
FPC1,FPC-SMD_31P-P0.60_A03FC-S31FMA-H10,1,A03FC-S31FMA-H10,C42447807
"H1, H2",HDR-SMD_20P-P1.27-V-M-R2-C10-S1.27-LS5.5-1,2,Double row of needle2*10 1.27mm,C59981
L1,L0603,1,CBMF1608T100K,C92982
R1,R0402,1,0402WGF1001TCE,C11702
"R10, R11, R5, R6, R7, R8, R9",R0402,7,0402WGF5101TCE,C25905
R2,R0402,1,0402WGF2001TCE,C4109
"R3, R4",R0402,2,0402WGF100KTCE,C25086
"SW1, SW2",SW-SMD_2P-TS24CA,2,TS24CA,C393942
"U1, U9",CONN-SMD_20P-P1.27_KINGHELM_KH-1.27FH-2X10P-H4.3-SMT,2,KH-1.27FH-2X10P-H4.3-SMT,C2938399
"U10, U4, U5",IPEX-SMD_BWIPX-1-001E,3,BWU.FL-IPEX1,C5137195
"U2, U3",IND-SMD_L1.8-W1.3,2,MLW1608RF-1R0MT,C2844624
U6,QFN-48_L5.0-W5.0-P0.35-TL-EP3.7-1,1,CH585M_C42381469,C42381469
USBC1,USB-C_SMD-TYPE-C-31-M-12_1,1,TYPE-C-31-M-12,C165948
X1,CRYSTAL-SMD_2P-L2.0-W1.2,1,XKHEL89CGI-112YLC-32.768K,C7500573
X2,CRYSTAL-SMD_4P-L1.6-W1.2-BL,1,SX0B32.000F1210F30,C7301923
